-- phpMyAdmin SQL Dump
-- version 4.8.2
-- https://www.phpmyadmin.net/
--
-- Máy chủ: 127.0.0.1
-- Thời gian đã tạo: Th10 01, 2019 lúc 11:28 AM
-- Phiên bản máy phục vụ: 10.1.34-MariaDB
-- Phiên bản PHP: 7.2.7

SET SQL_MODE = "NO_AUTO_VALUE_ON_ZERO";
SET AUTOCOMMIT = 0;
START TRANSACTION;
SET time_zone = "+00:00";


/*!40101 SET @OLD_CHARACTER_SET_CLIENT=@@CHARACTER_SET_CLIENT */;
/*!40101 SET @OLD_CHARACTER_SET_RESULTS=@@CHARACTER_SET_RESULTS */;
/*!40101 SET @OLD_COLLATION_CONNECTION=@@COLLATION_CONNECTION */;
/*!40101 SET NAMES utf8mb4 */;

--
-- Cơ sở dữ liệu: `newsportal`
--

-- --------------------------------------------------------

--
-- Cấu trúc bảng cho bảng `employees`
--

CREATE TABLE `employees` (
  `id` int(11) NOT NULL,
  `name` varchar(100) COLLATE utf8_unicode_ci DEFAULT NULL,
  `email` varchar(100) COLLATE utf8_unicode_ci DEFAULT NULL,
  `phone` varchar(15) COLLATE utf8_unicode_ci DEFAULT NULL
) ENGINE=InnoDB DEFAULT CHARSET=utf8 COLLATE=utf8_unicode_ci;

--
-- Đang đổ dữ liệu cho bảng `employees`
--

INSERT INTO `employees` (`id`, `name`, `email`, `phone`) VALUES
(1, 'Andrew Mead', 'andrew@gmail.com', '21141423123'),
(2, 'user2', 'acsb@gmail.com', '909090909090'),
(4, 'updateName', 'updateName@gmail.com', '2384789342'),
(5, 'john wick', 'john_wick@gmail.com', '0606066060'),
(7, 'PG 2', 'PG_2@gmail.com', '3827487232');

-- --------------------------------------------------------

--
-- Cấu trúc bảng cho bảng `files`
--

CREATE TABLE `files` (
  `id` int(11) NOT NULL,
  `name` varchar(255) NOT NULL,
  `path` varchar(255) NOT NULL,
  `created_at` timestamp NOT NULL DEFAULT CURRENT_TIMESTAMP ON UPDATE CURRENT_TIMESTAMP,
  `address` varchar(255) NOT NULL,
  `phone` varchar(255) NOT NULL
) ENGINE=InnoDB DEFAULT CHARSET=latin1;

--
-- Đang đổ dữ liệu cho bảng `files`
--

INSERT INTO `files` (`id`, `name`, `path`, `created_at`, `address`, `phone`) VALUES
(7, 'sp04.png', 'upload/d15fd51a4ece71ca715e44745df0f4689d5d3036.png', '2019-10-31 02:59:31', '', ''),
(8, 'sp06.png', 'upload/7553959511e1801e75d07c9467996d9808a66eab.png', '2019-10-31 02:59:50', '', '');

-- --------------------------------------------------------

--
-- Cấu trúc bảng cho bảng `fruits`
--

CREATE TABLE `fruits` (
  `id` int(11) NOT NULL,
  `name` varchar(50) COLLATE utf8_unicode_ci NOT NULL,
  `description` text COLLATE utf8_unicode_ci NOT NULL,
  `created_dt` timestamp NOT NULL DEFAULT CURRENT_TIMESTAMP ON UPDATE CURRENT_TIMESTAMP
) ENGINE=InnoDB DEFAULT CHARSET=utf8 COLLATE=utf8_unicode_ci;

--
-- Đang đổ dữ liệu cho bảng `fruits`
--

INSERT INTO `fruits` (`id`, `name`, `description`, `created_dt`) VALUES
(1, 'Apple', 'This is an Apple', '2019-10-25 18:18:40'),
(2, 'Coconut', 'This is an Coconut', '2019-10-25 18:19:37'),
(3, 'Mango', 'This is a Mango', '2019-10-25 18:29:41');

-- --------------------------------------------------------

--
-- Cấu trúc bảng cho bảng `loginattempt`
--

CREATE TABLE `loginattempt` (
  `LoginId` int(11) NOT NULL,
  `IpAddress` varchar(20) COLLATE utf8_unicode_ci NOT NULL,
  `LoginAt` datetime NOT NULL DEFAULT CURRENT_TIMESTAMP
) ENGINE=InnoDB DEFAULT CHARSET=utf8 COLLATE=utf8_unicode_ci;

--
-- Đang đổ dữ liệu cho bảng `loginattempt`
--

INSERT INTO `loginattempt` (`LoginId`, `IpAddress`, `LoginAt`) VALUES
(1, '5y76', '2019-11-01 14:39:58');

-- --------------------------------------------------------

--
-- Cấu trúc bảng cho bảng `tbladmin`
--

CREATE TABLE `tbladmin` (
  `id` int(11) NOT NULL,
  `AdminUserName` varchar(255) NOT NULL,
  `AdminPassword` varchar(255) NOT NULL,
  `AdminEmailId` varchar(255) NOT NULL,
  `Is_Active` int(11) NOT NULL,
  `CreationDate` timestamp NOT NULL DEFAULT CURRENT_TIMESTAMP,
  `UpdationDate` timestamp NULL DEFAULT '0000-00-00 00:00:00' ON UPDATE CURRENT_TIMESTAMP
) ENGINE=InnoDB DEFAULT CHARSET=latin1;

--
-- Đang đổ dữ liệu cho bảng `tbladmin`
--

INSERT INTO `tbladmin` (`id`, `AdminUserName`, `AdminPassword`, `AdminEmailId`, `Is_Active`, `CreationDate`, `UpdationDate`) VALUES
(1, 'admin', '$2y$12$i4LMfeFPQpGSNPTaccIkKuwxAkJ4PhBr3JND7FpXwWFjRvchQn17C', 'phpgurukulofficial@gmail.com', 1, '2018-05-27 17:51:00', '2018-10-24 18:21:07');

-- --------------------------------------------------------

--
-- Cấu trúc bảng cho bảng `tblcategory`
--

CREATE TABLE `tblcategory` (
  `id` int(11) NOT NULL,
  `CategoryName` varchar(200) DEFAULT NULL,
  `Description` mediumtext,
  `PostingDate` timestamp NULL DEFAULT CURRENT_TIMESTAMP,
  `UpdationDate` timestamp NULL DEFAULT '0000-00-00 00:00:00' ON UPDATE CURRENT_TIMESTAMP,
  `Is_Active` int(1) DEFAULT NULL
) ENGINE=InnoDB DEFAULT CHARSET=latin1;

--
-- Đang đổ dữ liệu cho bảng `tblcategory`
--

INSERT INTO `tblcategory` (`id`, `CategoryName`, `Description`, `PostingDate`, `UpdationDate`, `Is_Active`) VALUES
(2, 'Bollywood', 'Bollywood News', '2018-06-06 10:28:09', '2018-06-30 18:41:07', 1),
(3, 'Sports', 'Related to sports news', '2018-06-06 10:35:09', '2018-06-14 11:11:55', 1),
(5, 'Entertainment', 'Entertainment related  News', '2018-06-14 05:32:58', '2018-06-14 05:33:41', 1),
(6, 'Politics', 'Politics', '2018-06-22 15:46:09', '0000-00-00 00:00:00', 1),
(7, 'Business', 'Business', '2018-06-22 15:46:22', '0000-00-00 00:00:00', 1);

-- --------------------------------------------------------

--
-- Cấu trúc bảng cho bảng `tblcomments`
--

CREATE TABLE `tblcomments` (
  `id` int(11) NOT NULL,
  `postId` char(11) DEFAULT NULL,
  `name` varchar(120) DEFAULT NULL,
  `email` varchar(150) DEFAULT NULL,
  `comment` mediumtext,
  `postingDate` timestamp NULL DEFAULT CURRENT_TIMESTAMP,
  `status` int(1) DEFAULT NULL
) ENGINE=InnoDB DEFAULT CHARSET=latin1;

--
-- Đang đổ dữ liệu cho bảng `tblcomments`
--

INSERT INTO `tblcomments` (`id`, `postId`, `name`, `email`, `comment`, `postingDate`, `status`) VALUES
(1, '12', 'Anuj', 'anuj@gmail.com', 'Cras sit amet nibh libero, in gravida nulla. Nulla vel metus scelerisque ante sollicitudin. Cras purus odio, vestibulum in vulputate at, tempus viverra turpis.', '2018-11-21 11:06:22', 0),
(2, '12', 'Test user', 'test@gmail.com', 'This is sample text for testing.', '2018-11-21 11:25:56', 1),
(3, '7', 'ABC', 'abc@test.com', 'This is sample text for testing.', '2018-11-21 11:27:06', 1);

-- --------------------------------------------------------

--
-- Cấu trúc bảng cho bảng `tblpages`
--

CREATE TABLE `tblpages` (
  `id` int(11) NOT NULL,
  `PageName` varchar(200) DEFAULT NULL,
  `PageTitle` mediumtext,
  `Description` longtext,
  `PostingDate` timestamp NULL DEFAULT CURRENT_TIMESTAMP,
  `UpdationDate` timestamp NULL DEFAULT NULL ON UPDATE CURRENT_TIMESTAMP
) ENGINE=InnoDB DEFAULT CHARSET=latin1;

--
-- Đang đổ dữ liệu cho bảng `tblpages`
--

INSERT INTO `tblpages` (`id`, `PageName`, `PageTitle`, `Description`, `PostingDate`, `UpdationDate`) VALUES
(1, 'aboutus', 'About News Portal', '<font color=\"#7b8898\" face=\"Mercury SSm A, Mercury SSm B, Georgia, Times, Times New Roman, Microsoft YaHei New, Microsoft Yahei, å¾®è½¯é›…é»‘, å®‹ä½“, SimSun, STXihei, åŽæ–‡ç»†é»‘, serif\"><span style=\"font-size: 26px;\">Lorem ipsum dolor sit amet, consectetur adipiscing elit, sed do eiusmod tempor incididunt ut labore et dolore magna aliqua. Ut enim ad minim veniam, quis nostrud exercitation ullamco laboris nisi ut aliquip ex ea commodo consequat. Duis aute irure dolor in reprehenderit in voluptate velit esse cillum dolore eu fugiat nulla pariatur. Excepteur sint occaecat cupidatat non proident, sunt in culpa qui officia deserunt mollit anim id est laborum.</span></font><br>', '2018-06-30 18:01:03', '2018-06-30 19:19:51'),
(2, 'contactus', 'Contact Details', '<p><br></p><p><b>Address :&nbsp; </b>New Delhi India</p><p><b>Phone Number : </b>+91 -01234567890</p><p><b>Email -id : </b>phpgurukulofficial@gmail.com</p>', '2018-06-30 18:01:36', '2018-06-30 19:23:25');

-- --------------------------------------------------------

--
-- Cấu trúc bảng cho bảng `tblposts`
--

CREATE TABLE `tblposts` (
  `id` int(11) NOT NULL,
  `PostTitle` longtext,
  `CategoryId` int(11) DEFAULT NULL,
  `SubCategoryId` int(11) DEFAULT NULL,
  `PostDetails` longtext CHARACTER SET utf8,
  `PostingDate` timestamp NULL DEFAULT CURRENT_TIMESTAMP,
  `UpdationDate` timestamp NULL DEFAULT NULL ON UPDATE CURRENT_TIMESTAMP,
  `Is_Active` int(1) DEFAULT NULL,
  `PostUrl` mediumtext,
  `PostImage` varchar(255) DEFAULT NULL
) ENGINE=InnoDB DEFAULT CHARSET=latin1;

--
-- Đang đổ dữ liệu cho bảng `tblposts`
--

INSERT INTO `tblposts` (`id`, `PostTitle`, `CategoryId`, `SubCategoryId`, `PostDetails`, `PostingDate`, `UpdationDate`, `Is_Active`, `PostUrl`, `PostImage`) VALUES
(7, 'Jasprit Bumrah ruled out of England T20I series due to injury', 3, 4, '<p style=\"margin-bottom: 15px; padding: 0px; font-size: 16px; font-family: PTSans, sans-serif;\"><span style=\"margin: 0px; padding: 0px; font-weight: 700;\">The Indian Cricket Team has received a huge blow right ahead of the commencement of the much-awaited series against England. Star speedster Jasprit Bumrah has been ruled out of the forthcoming 3-match T20I series as he suffered an injury in his left thumb.</span></p><p style=\"margin-bottom: 15px; padding: 0px; font-size: 16px; font-family: PTSans, sans-serif;\">The 24-year-old pacer picked up a niggle during India’s first T20I match against Ireland played on June 27 at the Malahide cricket ground in Dublin. As per the reports, he is likely to be available for the ODI series against England scheduled to start from July 12.</p><p style=\"margin-bottom: 15px; padding: 0px; font-size: 16px; font-family: PTSans, sans-serif;\">In the first, Bumrah exhibited a phenomenal performance with the ball. In his quota of four overs, he conceded 19 runs and picked 2 wickets at an economy rate of 4.75.</p><p style=\"margin-bottom: 15px; padding: 0px; font-size: 16px; font-family: PTSans, sans-serif;\">Post his injury, he arrived at team’s optional training session on Thursday but didn’t train. Later, he was rested in the second face-off along with MS Dhoni, Shikhar Dhawan and Bhuvneshwar Kumar.</p><p style=\"margin-bottom: 15px; padding: 0px; font-size: 16px; font-family: PTSans, sans-serif;\">As of now, no replacement has been announced. However, Umesh Yadav may be be given chance in the team in Bumrah’s absence.</p><p style=\"padding: 0px; font-size: 16px; font-family: PTSans, sans-serif;\">The first T20I match between India and England will be played at Old Trafford, Manchester on July 3.</p>', '2018-06-30 18:49:23', '2018-08-28 15:57:32', 1, 'Jasprit-Bumrah-ruled-out-of-England-T20I-series-due-to-injury', '6d08a26c92cf30db69197a1fb7230626.jpg'),
(10, 'Tata Steel, Thyssenkrupp Finalise Landmark Steel Deal', 7, 9, '<h1 style=\"box-sizing: inherit; margin-top: 0px; padding: 0px; font-family: Roboto, sans-serif; font-size: 38px; line-height: normal; letter-spacing: -0.5px; color: rgb(51, 51, 51);\"><span itemprop=\"headline\" style=\"box-sizing: inherit;\">Tata Steel, Thyssenkrupp Finalise Landmark Steel Deal</span>Tata Steel, Thyssenkrupp Finalise Landmark Steel DealTata Steel, Thyssenkrupp Finalise Landmark Steel DealTata Steel, Thyssenkrupp Finalise Landmark Steel DealTata Steel, Thyssenkrupp Finalise Landmark Steel Deal</h1>', '2018-06-30 19:08:56', '2018-08-28 15:59:59', 1, 'Tata-Steel,-Thyssenkrupp-Finalise-Landmark-Steel-Deal', '505e59c459d38ce4e740e3c9f5c6caf7.jpg'),
(11, 'UNs Jean Pierre Lacroix thanks India for contribution to peacekeeping', 6, 8, '<p>UNs Jean Pierre Lacroix thanks India for contribution to peacekeepingUNs Jean Pierre Lacroix thanks India for contribution to peacekeepingUNs Jean Pierre Lacroix thanks India for contribution to peacekeepingUNs Jean Pierre Lacroix thanks India for contribution to peacekeepingUNs Jean Pierre Lacroix thanks India for contribution to peacekeepingUNs Jean Pierre Lacroix thanks India for contribution to peacekeepingUNs Jean Pierre Lacroix thanks India for contribution to peacekeepingUNs Jean Pierre Lacroix thanks India for contribution to peacekeepingUNs Jean Pierre Lacroix thanks India for contribution to peacekeepingUNs Jean Pierre Lacroix thanks India for contribution to peacekeepingUNs Jean Pierre Lacroix thanks India for contribution to peacekeepingUNs Jean Pierre Lacroix thanks India for contribution to peacekeepingUNs Jean Pierre Lacroix thanks India for contribution to peacekeepingUNs Jean Pierre Lacroix thanks India for contribution to peacekeepingUNs Jean Pierre Lacroix thanks India for contribution to peacekeepingUNs Jean Pierre Lacroix thanks India for contribution to peacekeepingUNs Jean Pierre Lacroix thanks India for contribution to peacekeepingUNs Jean Pierre Lacroix thanks India for contribution to peacekeepingUNs Jean Pierre Lacroix thanks India for contribution to peacekeeping<br></p>', '2018-06-30 19:10:36', '2018-08-28 16:01:35', 1, 'UNs-Jean-Pierre-Lacroix-thanks-India-for-contribution-to-peacekeeping', '27095ab35ac9b89abb8f32ad3adef56a.jpg'),
(12, 'Shah holds meeting with NE states leaders in Manipur', 6, 7, '<p><span style=\"color: rgb(25, 25, 25); font-family: &quot;Noto Serif&quot;; font-size: 16px;\">New Delhi: BJP president Amit Shah today held meetings with his party leaders who are in-charge of 11 Lok Sabha seats spread across seven northeast states as part of a drive to ensure that it wins the maximum number of these constituencies in the general election next year.</span><br style=\"box-sizing: inherit; color: rgb(25, 25, 25); font-family: &quot;Noto Serif&quot;; font-size: 16px;\"><br style=\"box-sizing: inherit; color: rgb(25, 25, 25); font-family: &quot;Noto Serif&quot;; font-size: 16px;\"><webviewcontentdata style=\"box-sizing: inherit; color: rgb(25, 25, 25); font-family: &quot;Noto Serif&quot;; font-size: 16px;\">Shah held separate meetings with Lok Sabha toli (group) of Arunachal Pradesh, Tripura, Meghalaya, Mizoram, Nagaland, Sikkim and Manipur in Manipur, the partys media head Anil Baluni said.<br style=\"box-sizing: inherit;\"><br style=\"box-sizing: inherit;\">Baluni said that Shah was in West Bengal for two days before he arrived in Manipur. The BJP chief would reach Odisha tomorrow.</webviewcontentdata><br></p>', '2018-06-30 19:11:44', '2018-08-28 16:01:43', 1, 'Shah-holds-meeting-with-NE-states-leaders-in-Manipur', '7fdc1a630c238af0815181f9faa190f5.jpg');

-- --------------------------------------------------------

--
-- Cấu trúc bảng cho bảng `tblsubcategory`
--

CREATE TABLE `tblsubcategory` (
  `SubCategoryId` int(11) NOT NULL,
  `CategoryId` int(11) DEFAULT NULL,
  `Subcategory` varchar(255) DEFAULT NULL,
  `SubCatDescription` mediumtext,
  `PostingDate` timestamp NOT NULL DEFAULT CURRENT_TIMESTAMP,
  `UpdationDate` timestamp NULL DEFAULT '0000-00-00 00:00:00' ON UPDATE CURRENT_TIMESTAMP,
  `Is_Active` int(1) DEFAULT NULL
) ENGINE=InnoDB DEFAULT CHARSET=latin1;

--
-- Đang đổ dữ liệu cho bảng `tblsubcategory`
--

INSERT INTO `tblsubcategory` (`SubCategoryId`, `CategoryId`, `Subcategory`, `SubCatDescription`, `PostingDate`, `UpdationDate`, `Is_Active`) VALUES
(3, 5, 'Bollywood ', 'Bollywood masala', '2018-06-22 15:45:38', '0000-00-00 00:00:00', 1),
(4, 3, 'Cricket', 'Cricket\r\n\r\n', '2018-06-30 09:00:43', '0000-00-00 00:00:00', 1),
(5, 3, 'Football', 'Football', '2018-06-30 09:00:58', '0000-00-00 00:00:00', 1),
(6, 5, 'Television', 'TeleVision', '2018-06-30 18:59:22', '0000-00-00 00:00:00', 1),
(7, 6, 'National', 'National', '2018-06-30 19:04:29', '0000-00-00 00:00:00', 1),
(8, 6, 'International', 'International', '2018-06-30 19:04:43', '0000-00-00 00:00:00', 1),
(9, 7, 'India', 'India', '2018-06-30 19:08:42', '0000-00-00 00:00:00', 1);

-- --------------------------------------------------------

--
-- Cấu trúc bảng cho bảng `users`
--

CREATE TABLE `users` (
  `id` int(11) NOT NULL,
  `name` varchar(255) COLLATE utf8_unicode_ci DEFAULT NULL,
  `address` varchar(255) COLLATE utf8_unicode_ci NOT NULL,
  `phone` varchar(255) COLLATE utf8_unicode_ci NOT NULL,
  `email` varchar(100) COLLATE utf8_unicode_ci DEFAULT NULL,
  `is_male` int(11) NOT NULL,
  `password` varchar(100) COLLATE utf8_unicode_ci DEFAULT NULL,
  `verified` int(11) DEFAULT '0',
  `token` varchar(255) COLLATE utf8_unicode_ci DEFAULT NULL,
  `firstlogin` timestamp NOT NULL DEFAULT '0000-00-00 00:00:00' ON UPDATE CURRENT_TIMESTAMP,
  `lastlogin` timestamp NOT NULL DEFAULT '0000-00-00 00:00:00',
  `numoflogin` int(11) NOT NULL,
  `img_name` varchar(255) COLLATE utf8_unicode_ci NOT NULL,
  `img_path` varchar(255) COLLATE utf8_unicode_ci NOT NULL,
  `created_at` timestamp NOT NULL DEFAULT CURRENT_TIMESTAMP ON UPDATE CURRENT_TIMESTAMP,
  `updated_at` timestamp NOT NULL DEFAULT '0000-00-00 00:00:00'
) ENGINE=InnoDB DEFAULT CHARSET=utf8 COLLATE=utf8_unicode_ci;

--
-- Đang đổ dữ liệu cho bảng `users`
--

INSERT INTO `users` (`id`, `name`, `address`, `phone`, `email`, `is_male`, `password`, `verified`, `token`, `firstlogin`, `lastlogin`, `numoflogin`, `img_name`, `img_path`, `created_at`, `updated_at`) VALUES
(41, 'phan Tuong Duy', '122', '0988676431', '15520170@gm.uit.edu.vn', 1, '$2y$10$haE/jERWo0C.3SM57h18guK7CMVo/8ajC/x5.kUMfZV/3q.r5q9mq', 1, 'c9854b419cb1537ca8ec4b7283b0d69242183994', '2019-11-01 10:10:01', '0000-00-00 00:00:00', 3, 'sp08.png', 'upload/e8e37927b86e8e07d41eedbc91cc839acac96b9a.png', '2019-11-01 10:10:01', '2019-11-01 14:30:59'),
(42, 'zhan Tuong Duy', '121', '0988676431', 'tuongduy322@gmail.com', 0, '$2y$10$XLkQojwXiYybQWBwbN0mnu7TlE5dOfUSTQaw.LhUvyb0S8KtAzfzm', 0, '7fc51fd7b174a381b3affd99130c3ed2a0d8e3cb', '2019-11-01 08:54:44', '0000-00-00 00:00:00', 1, 'sp09.png', 'upload/5231538137272eece809ac5eca81f85920bf06a7.png', '2019-11-01 08:54:44', '2019-11-01 07:43:47'),
(44, 'Phan Tuong Duy', '999', '0988676432', 'u2@gmail.com', 0, '$2y$10$dcNDI9xanGtVHB1E6AdxB.qyybXhtLUC7SZNC88PISEczPNQLXt32', 0, '940cebe954796260cebc977160fa4217ab6a25fa', '0000-00-00 00:00:00', '0000-00-00 00:00:00', 0, 'close_2.png', 'upload/aca7e5b6a571b9e17c4f4b40f30ce234aadbb488.png', '2019-11-01 09:37:00', '2019-11-01 09:37:00');

--
-- Chỉ mục cho các bảng đã đổ
--

--
-- Chỉ mục cho bảng `employees`
--
ALTER TABLE `employees`
  ADD PRIMARY KEY (`id`);

--
-- Chỉ mục cho bảng `files`
--
ALTER TABLE `files`
  ADD PRIMARY KEY (`id`);

--
-- Chỉ mục cho bảng `fruits`
--
ALTER TABLE `fruits`
  ADD PRIMARY KEY (`id`);

--
-- Chỉ mục cho bảng `loginattempt`
--
ALTER TABLE `loginattempt`
  ADD PRIMARY KEY (`LoginId`);

--
-- Chỉ mục cho bảng `tbladmin`
--
ALTER TABLE `tbladmin`
  ADD PRIMARY KEY (`id`);

--
-- Chỉ mục cho bảng `tblcategory`
--
ALTER TABLE `tblcategory`
  ADD PRIMARY KEY (`id`);

--
-- Chỉ mục cho bảng `tblcomments`
--
ALTER TABLE `tblcomments`
  ADD PRIMARY KEY (`id`);

--
-- Chỉ mục cho bảng `tblpages`
--
ALTER TABLE `tblpages`
  ADD PRIMARY KEY (`id`);

--
-- Chỉ mục cho bảng `tblposts`
--
ALTER TABLE `tblposts`
  ADD PRIMARY KEY (`id`);

--
-- Chỉ mục cho bảng `tblsubcategory`
--
ALTER TABLE `tblsubcategory`
  ADD PRIMARY KEY (`SubCategoryId`);

--
-- Chỉ mục cho bảng `users`
--
ALTER TABLE `users`
  ADD PRIMARY KEY (`id`);

--
-- AUTO_INCREMENT cho các bảng đã đổ
--

--
-- AUTO_INCREMENT cho bảng `employees`
--
ALTER TABLE `employees`
  MODIFY `id` int(11) NOT NULL AUTO_INCREMENT, AUTO_INCREMENT=8;

--
-- AUTO_INCREMENT cho bảng `files`
--
ALTER TABLE `files`
  MODIFY `id` int(11) NOT NULL AUTO_INCREMENT, AUTO_INCREMENT=9;

--
-- AUTO_INCREMENT cho bảng `fruits`
--
ALTER TABLE `fruits`
  MODIFY `id` int(11) NOT NULL AUTO_INCREMENT, AUTO_INCREMENT=4;

--
-- AUTO_INCREMENT cho bảng `loginattempt`
--
ALTER TABLE `loginattempt`
  MODIFY `LoginId` int(11) NOT NULL AUTO_INCREMENT, AUTO_INCREMENT=2;

--
-- AUTO_INCREMENT cho bảng `tbladmin`
--
ALTER TABLE `tbladmin`
  MODIFY `id` int(11) NOT NULL AUTO_INCREMENT, AUTO_INCREMENT=2;

--
-- AUTO_INCREMENT cho bảng `tblcategory`
--
ALTER TABLE `tblcategory`
  MODIFY `id` int(11) NOT NULL AUTO_INCREMENT, AUTO_INCREMENT=8;

--
-- AUTO_INCREMENT cho bảng `tblcomments`
--
ALTER TABLE `tblcomments`
  MODIFY `id` int(11) NOT NULL AUTO_INCREMENT, AUTO_INCREMENT=4;

--
-- AUTO_INCREMENT cho bảng `tblpages`
--
ALTER TABLE `tblpages`
  MODIFY `id` int(11) NOT NULL AUTO_INCREMENT, AUTO_INCREMENT=3;

--
-- AUTO_INCREMENT cho bảng `tblposts`
--
ALTER TABLE `tblposts`
  MODIFY `id` int(11) NOT NULL AUTO_INCREMENT, AUTO_INCREMENT=13;

--
-- AUTO_INCREMENT cho bảng `tblsubcategory`
--
ALTER TABLE `tblsubcategory`
  MODIFY `SubCategoryId` int(11) NOT NULL AUTO_INCREMENT, AUTO_INCREMENT=10;

--
-- AUTO_INCREMENT cho bảng `users`
--
ALTER TABLE `users`
  MODIFY `id` int(11) NOT NULL AUTO_INCREMENT, AUTO_INCREMENT=45;
COMMIT;

/*!40101 SET CHARACTER_SET_CLIENT=@OLD_CHARACTER_SET_CLIENT */;
/*!40101 SET CHARACTER_SET_RESULTS=@OLD_CHARACTER_SET_RESULTS */;
/*!40101 SET COLLATION_CONNECTION=@OLD_COLLATION_CONNECTION */;
